Email,Address,Avatar,Avg. Session Length,Time on App,Time on Website,Length of Membership,Yearly Amount Spent
mstephenson@fernandez.com,"835 Frank Tunnel
Wrightmouth, MI 82180-9605",Violet,34.5,12.7,39.6,4.1,588
hduke@hotmail.com,"4547 Archer Common
Diazchester, CA 06566-8576",DarkGreen,31.9,11.1,37.3,2.7,392
pallen@yahoo.com,"24645 Valerie Unions Suite 582
Cobbborough, DC 99414-7564",Bisque,33,11.3,37.1,4.1,488
riverarebecca@gmail.com,"1414 David Throughway
Port Jason, OH 22070-1220",SaddleBrown,34.3,13.7,36.7,3.1,582
mstephens@davidson-herman.com,"14023 Rodriguez Passage
Port Jacobville, PR 37242-1057",MediumAquaMarine,33.3,12.8,37.5,4.4,599
alvareznancy@lucas.biz,"645 Martha Park Apt. 611
Jeffreychester, MN 67218-7250",FloralWhite,33.9,12,34.5,5.5,637
katherine20@yahoo.com,"68388 Reyes Lights Suite 692
Josephbury, WV 92213-0247",DarkSlateBlue,32,11.4,36.7,4.7,522
awatkins@yahoo.com,"Unit 6538 Box 8980
DPO AP 09026-4941",Aqua,32.7,12.4,37.4,4.4,550
vchurch@walter-martinez.com,"860 Lee Key
West Debra, SD 97450-0495",Salmon,34,13.4,37.5,3.3,570
bonnie69@lin.biz,"PSC 2734, Box 5255
APO AA 98456-7482",Brown,31.9,11.8,37.1,3.2,427
andrew06@peterson.com,"26104 Alexander Groves
Alexandriaport, WY 28244-9149",Tomato,34,13.3,37.2,2.5,493
ryanwerner@freeman.biz,"Unit 2413 Box 0347
DPO AA 07580-2652",Tomato,33.9,11.6,37.1,3.7,522
knelson@gmail.com,"6705 Miller Orchard Suite 186
Lake Shanestad, MO 75696-5051",RoyalBlue,29.5,11,37.4,4,409
wrightpeter@yahoo.com,"05302 Dunlap Ferry
New Stephaniehaven, MP 42268",Bisque,33.2,13,36.1,3.9,573
taylormason@gmail.com,"7773 Powell Springs Suite 190
Samanthaland, ND 44358",DarkBlue,32.4,13.1,36.6,2.5,470
jstark@anderson.com,"49558 Ramirez Road Suite 399
Phillipstad, OH 35641-3238",Peru,30.7,12.6,36.2,3.4,462
wjennings@gmail.com,"6362 Wilson Mountain
Johnsonfurt, GA 15169",PowderBlue,32.1,11.7,34.9,3.1,458
rebecca45@hale-bauer.biz,"8982 Burton Row
Wilsonton, PW 88606",OliveDrab,32.3,12,38.4,2.4,408
alejandro75@hotmail.com,"64475 Andre Club Apt. 795
Port Dannytown, PW 63227",Cyan,32.2,14.7,38.2,1.5,452
samuel46@love-west.net,"544 Alexander Heights Suite 768
North Johnview, MT 57912",LightSeaGreen,32.6,14,37.2,4.1,605
megan33@gmail.com,"84426 Julia Vista
North Teresa, KY 50756",PeachPuff,32.9,11.4,37.6,4.6,535
agolden@yahoo.com,"PSC 2490, Box 2120
APO AE 15445-2876",Black,33.5,12.9,37.4,1.6,420
vstafford@hotmail.com,"PSC 5723, Box 8159
APO AA 74738",Olive,31.5,13.4,38.7,2.2,437
denise22@hernandez-townsend.com,"USNS Cardenas
FPO AA 85439-9449",Silver,32.9,11.7,36.8,3.9,519
youngbarbara@yahoo.com,"019 Elliott Tunnel Suite 190
Nicholsbury, WV 60804-4440",Wheat,34.5,12.9,37.6,5.7,701
william25@mcconnell.com,"9495 Mary Fall Apt. 777
Glassport, ND 17957-5596",Teal,33,11.8,37.7,2.7,423
ijones@schaefer-carr.net,"657 Judith Crossroad
Hancockchester, VI 75658-5788",Linen,33.5,12.8,36.4,4.6,620
heatherhall@yahoo.com,"8522 Regina Port Suite 782
Port Kaitlin, TX 50501-7264",MediumSlateBlue,32.3,13,37.9,3,487
tinasmith@martinez.info,"40000 Ann Port Suite 474
Youngberg, MS 03651",LemonChiffon,33.1,12,35.3,3.9,530
chasejennifer@hotmail.com,"9507 Robert Prairie Apt. 601
East Crystalview, SC 56814",DarkOrchid,33.1,12,37.3,4.7,555
jenniferbarnett@gmail.com,"0772 Michael Isle Suite 617
Meyerstown, WA 45449-6768",SeaGreen,33.2,12.3,36.2,3.1,498
jared39@hotmail.com,"739 David Isle Suite 818
Chandlertown, DC 34587",SteelBlue,33.5,10.9,35.6,3.5,448
briancarlson@page-fleming.com,"USCGC Gill
FPO AA 26496",DarkMagenta,32.2,13.4,35.7,4.3,589
joshuaodom@gmail.com,"5277 Patel Brook
East Audrey, NJ 19075",DarkGoldenRod,32.7,13.1,38.9,2.8,491
vickie90@lee-wilson.com,"9135 Rodriguez Dam
Ramirezberg, MS 77223",DarkSeaGreen,32.8,11.6,35.4,4.1,507
duane56@hotmail.com,"24373 Mcgee Drive Apt. 990
New Mariahaven, NH 14470",Gainsboro,33.6,11.9,38.8,3.6,522
enash@gmail.com,"997 Campbell Flat Suite 970
East Amanda, PW 22048",HotPink,31.7,11.8,36.8,1.8,348
sandraharrison@bailey-gordon.net,"7835 Rogers Roads
East Amberhaven, MI 70835-2286",LightSeaGreen,32.9,12,37,3.5,491
cunninghamwilliam@hotmail.com,"4589 Dan Fords
Beasleyburgh, ME 96590-8272",HoneyDew,32.7,10,37.4,4.7,478
teresaallen@hill-leach.info,"1958 Robert Bridge Apt. 250
Malloryland, ID 03393-5336",WhiteSmoke,32.6,12.5,36.4,4.2,538
rhonda96@little.org,"2977 Perez Row
Lake Jack, TN 45336-9436",GhostWhite,32.1,11.7,37.5,4.7,533
lisacabrera@yahoo.com,"9801 Thomas Pike Suite 058
Brandishire, AK 88122-1314",DarkSlateBlue,33,10.6,37.5,4.6,502
jasonrichardson@elliott.com,"18372 Matthew Fork Suite 705
North Matthewmouth, KY 99737",Chocolate,33.8,12.5,37.1,4.2,591
hoovernicole@dorsey.net,"69403 Hernandez Knolls
Marciashire, DE 36417-5667",HoneyDew,32.9,11.5,36.9,4.6,547
christopher20@gmail.com,"USNV Fuller
FPO AE 32122-5711",Snow,32,13.4,36.1,2.3,448
brianwilson@yahoo.com,"448 Stewart Divide
New Ashleyfort, FM 84050",BurlyWood,34.6,12.2,39.1,3.7,550
gonzaleskatie@gmail.com,"70129 Darrell Spring
Thomasmouth, HI 39319-2739",Moccasin,34.6,13.1,37.3,3.9,594
lsmith@chung.com,"412 Jackson River
Kleinburgh, KS 52039-7404",BlueViolet,32.7,13,36.5,4.1,564
dongarcia@hotmail.com,"546 Benjamin Lights Suite 421
Romerofurt, NC 43746-4501",MediumBlue,33.1,11.9,36.6,3.2,480
kimberly46@garcia-nelson.biz,"4066 Gonzalez Dam Apt. 277
West Jessica, TN 36880",GreenYellow,31.7,11.4,36.6,3.2,416
william82@gmail.com,"11143 Park Squares
Samanthatown, UT 97073",SandyBrown,33.3,13.9,37.8,6,726
brenda82@maldonado-gonzalez.net,"645 Elizabeth Pass
Williamview, MS 51544",MediumVioletRed,33.9,11,37.3,3,443
josephgould@west.info,"861 Annette Stream Suite 771
North Miguel, CA 33824-1610",DarkBlue,34.2,10.3,37.5,2.1,385
wbrady@yahoo.com,"044 Riggs Expressway
Lake Stevenchester, AL 22283",SandyBrown,33.8,10,35.9,3.9,451
smithtracey@mcgee.com,"PSC 4508, Box 7961
APO AA 55271-2375",DarkOliveGreen,34.4,12.6,38.5,2.9,522
amberchase@fowler.info,"1867 Gregory Isle Suite 022
Port Tammy, LA 52305-9696",GreenYellow,33.9,11.6,35.3,3.4,484
gregoryholmes@hotmail.com,"2891 Martin Plain Suite 197
Melaniestad, NE 65650-8529",DarkSalmon,32.7,13.8,39.3,3,521
jeffreydawson@gmail.com,"9944 Trevor Expressway
Robinsonstad, OR 34630-1840",DarkSeaGreen,34.3,10.6,36.2,3.3,453
rjohns@gmail.com,"264 Derek Dam Apt. 680
West Danielle, SD 91517-8611",DeepPink,32.8,11.8,36.8,3.5,497
john85@martin-morgan.com,"USNV Reese
FPO AA 73568-0730",Olive,33.8,12.1,37.3,4,547
vcoleman@yahoo.com,"7761 Hughes Curve Apt. 880
Rodriguezberg, MN 96206-5317",SkyBlue,33.9,12.5,38.1,4.6,617
floresarthur@yahoo.com,"12612 Johnson Skyway Suite 764
Jessicaville, CT 14968-6590",Magenta,33.1,9.6,36.5,5.1,507
ryan36@gmail.com,"5379 Rhonda Prairie Apt. 696
Brownland, WA 87027",DarkTurquoise,32.2,13.7,38,4.8,614
chris67@ryan.biz,"716 Bush Greens Apt. 098
Trevorton, MA 17817-8000",Silver,32.8,11.7,37.4,3.4,483
katie25@gmail.com,"6861 Lopez Fork Apt. 114
South Jamiechester, DE 63993",SpringGreen,32.8,13.3,36.6,3.5,540
kyang@diaz.org,"223 Love Trail Suite 831
Port Jeffrey, IN 46849",OliveDrab,34.4,15.1,37.2,5.4,766
tadams@contreras.info,"049 Matthew Terrace
Lake Matthew, MS 20210",Aqua,33.1,12.7,35.4,4,554
craigcastro@burgess.com,"65407 Warner Forges Suite 071
New Lori, AZ 30132-2395",OrangeRed,32.8,11.8,36.4,3.4,469
ellen24@anthony.com,"PSC 3408, Box 3353
APO AE 05113-1257",LimeGreen,32.4,11.3,37.7,2.8,409
davisrobert@hicks-smith.com,"95967 Pitts Burgs
West Sarah, MH 27817-5147",SkyBlue,32.2,11.2,40,3.6,452
walkerlaura@peterson-yates.com,"89154 Jones Stream Suite 311
East Katie, NC 72742-1516",LightGreen,33.2,11.9,36.3,2.6,445
marc54@hotmail.com,"Unit 6174 Box 1949
DPO AP 27478",SandyBrown,34.3,12.2,36.2,4.7,596
gregoryrussell@yahoo.com,"55436 Devon Plain
West Kendraberg, HI 18826-3623",Teal,32.4,10.7,38,3.4,418
williamsjohnny@ferguson.info,"51920 Kent Junctions Apt. 352
Walkerport, NY 11257-6647",LightYellow,32.8,12.8,37,3.9,535
haydenrebecca@gmail.com,"10022 Wilson Orchard Suite 107
Harrisstad, MH 99272",MintCream,33.9,13.6,38.3,3.3,578
langmatthew@hotmail.com,"606 Perez Drives
Maryside, CO 94387-5877",DimGray,32,12.2,38.7,3.1,479
david43@richards.com,"967 Andrew Spurs
Mathistown, CO 28230",Indigo,33.6,11.6,36.6,2.8,444
paulkemp@yahoo.com,"PSC 9698, Box 5466
APO AE 75496-3580",LightSalmon,33.1,11.4,35.9,4.5,545
fbryant@gmail.com,"284 Jennifer Curve
Lake Hollyberg, IN 05228",GreenYellow,32.6,10.9,38.2,4.4,489
kimberlyfrederick@gmail.com,"71299 Jessica Shoals
East Mark, IA 48085-1070",DeepSkyBlue,33.2,11.9,36.9,3.2,476
sharon82@saunders.info,"873 Clay Flats Apt. 810
Lake Kyle, GU 48782",DarkGreen,31.5,12.6,39.6,3.8,490
fishermichael@ramos.com,"565 Duarte Keys Suite 293
Traceytown, IN 17797",LimeGreen,34.6,10.9,35.9,3.2,463
ilawson@hotmail.com,"19018 Christopher Neck Apt. 963
Mcintoshchester, IA 66908-2456",DarkGoldenRod,33.5,13.9,37.1,4.1,596
shafferdaniel@murphy-harris.info,"USCGC Thomas
FPO AP 43708-2468",Turquoise,32.4,10.9,37.8,1.9,338
stevenanderson@yahoo.com,"5401 Holt Corner Apt. 195
Hannahstad, NC 86693-3595",LightGreen,34.7,10.3,36.2,4.4,534
richard16@boyer-pratt.com,"4568 Jeffrey Lane Apt. 512
South Jason, WV 78116-0966",LightSteelBlue,31.8,11.6,36.2,5.1,537
hyoung@jones.info,"73469 Baker Forest Apt. 550
Allenbury, TX 63791",Cornsilk,33.9,12.5,37.2,2.7,487
erik46@hotmail.com,"20711 Martin Harbors Apt. 582
New Justinborough, AK 40834-2664",LemonChiffon,34.4,10.6,36.8,3.4,474
rojasmichael@wagner-thomas.com,"7602 Scott Plaza Apt. 158
Lake Amberland, VI 10516-3276",DarkKhaki,32,12.8,37,4.6,547
lance88@briggs.com,"16001 Wilkins Island Suite 852
Jonathanfort, AL 88541-7817",FireBrick,32.6,12.1,36.1,3.9,505
anthony09@hotmail.com,"5118 Madden Views Apt. 738
North Barryport, AS 28731-2270",LightSeaGreen,32.5,12.5,37.9,2.5,449
audreyjohnson@rosales.com,"USCGC Nicholson
FPO AE 43987-0470",SlateGray,33.6,13.5,36.8,4.1,611
beth76@yahoo.com,"4522 Paul Heights Suite 851
Adamsland, RI 08981",Crimson,33.5,11.7,36.1,4,516
larrywest@davis.com,"21918 Gail Glens
Barbershire, SD 45790-8387",MidnightBlue,33.7,13.7,37.7,1.4,439
raylopez@hotmail.com,"3600 Amber Plains Suite 002
North Jamesburgh, VA 07917",DarkGoldenRod,32.2,11.8,36.6,4.2,514
middletonrenee@gmail.com,"71757 David Freeway Apt. 851
West Carriefurt, NC 27106-3364",DarkCyan,32.5,13.3,38.6,3.9,543
grichardson@ryan.info,"79139 Boone Common
Stewartstad, DE 63633-1812",SteelBlue,33.8,11.9,38.1,4.1,521
esmith@gmail.com,"USS Johnson
FPO AE 35617-5384",OldLace,34.2,13.3,37.8,4.3,615
michael53@munoz.com,"USNS Mitchell
FPO AP 92946",MediumBlue,32.3,12,39.1,3.9,507
jacqueline46@mcdonald-smith.biz,"3794 Michael Forest Apt. 750
New Stephenberg, MD 61004-0181",Gray,33.8,12.1,35.9,3,495
briannasantana@gmail.com,"88978 Noble Crest
North Rosemouth, FM 53484-6689",LightPink,32.5,13.4,36,3.2,518
mark52@yahoo.com,"82227 Farmer Throughway Suite 266
Leeborough, WV 35324",BlanchedAlmond,31.9,11.3,37.4,2.9,390
acampbell@sanchez-velasquez.info,"5791 Jessica Cove
Mckinneyborough, OK 64460-7536",Wheat,32.4,11.4,37.6,2.6,421
qgarcia@williams.com,"465 Kenneth Common Apt. 192
North Tracy, WI 36024-8978",Aqua,33.4,12.6,36.3,3,492
jenniferking@hess.net,"06939 Jones Neck
Mariaview, VT 87641",BlueViolet,31.4,11,38.1,3.4,410
taylor91@hotmail.com,"3132 Willie Harbor
Kaylafurt, FL 01107",CadetBlue,33.5,13.1,35.8,2.9,498
afry@ford.biz,"399 Jeremy Skyway Suite 377
North Keithville, IL 55074",PaleTurquoise,32.3,12.2,36.2,3.8,495
amandadean@gmail.com,"66880 Mckinney Hills
Matthewchester, MH 88386",DimGray,32.1,10.7,37.7,3,378
brenda68@hotmail.com,"0377 Reed Via Apt. 169
Alexandershire, MO 43498",Moccasin,33.2,12.9,38.2,3.9,570
bakerdrew@gmail.com,"39637 Griffin Plain Suite 691
New Deborahview, MP 73870-3773",Chartreuse,33.4,13.5,38.5,3.3,549
connorlambert@yahoo.com,"931 Andrews Heights
South Shelley, NV 21850",Khaki,31.9,12.1,37.3,3.4,459
tknapp@yahoo.com,"15810 Karl Plain
Davidville, TX 64072",MediumSpringGreen,32,12.2,37.7,3.7,493
garcialisa@yahoo.com,"46079 Gonzalez Loaf
Williamside, PA 72265",LemonChiffon,32.4,11,38.4,3.5,425
josephallen@hotmail.com,"3144 Jamie Rest
Maxwellville, NC 93749-1190",PeachPuff,32.7,11.6,37.3,2.8,422
hailey18@yahoo.com,"08079 Thompson Village
North Lukeborough, AL 16825",Lime,32.9,12.7,35.6,5.5,642
whess@hotmail.com,"29282 Alexander Street
South Andrewmouth, MS 22041",Tomato,33.2,11.2,37.7,2.6,413
josesims@hunter.com,"8830 Debra Loaf Apt. 341
Drakeville, ME 22340",SlateBlue,33.9,12,36.7,2.8,479
dtaylor@webb.com,"18219 Jackson Well
Fosterton, MP 85302",Orange,33.1,11.7,36,5,593
briangonzales@gmail.com,"572 Michelle Motorway Apt. 889
New Craig, ND 17250",Fuchsia,32.4,12.1,38.3,3.9,507
jared99@yahoo.com,"PSC 0811, Box 7054
APO AA 91691",GoldenRod,33.9,13.1,37.5,3.8,571
qchristian@martinez-allen.com,"26737 Brooks Roads
Vincentstad, VA 93089",GreenYellow,34.6,12.9,35,3.3,576
ngarcia@donaldson.info,"662 Wells Stravenue Apt. 578
South Kristaview, DC 49423-2452",ForestGreen,33.7,11.6,37.7,4.7,577
scastillo@hotmail.com,"0922 Gutierrez Loaf
Wattsbury, OH 96315",Moccasin,33.3,11.1,37.4,4,514
joshua56@garcia.com,"38154 Davis Locks
Lake Stevenfort, KY 86814-9222",Indigo,31.4,12.8,36.5,3.6,495
richard81@day.org,"7955 Samantha Walk Suite 230
North Luis, IL 44629",SlateBlue,33,11.8,37.6,3.8,514
jessica97@hotmail.com,"32202 Curtis Branch Apt. 411
Port Brettmouth, KY 01192-0594",Cyan,31.6,12.6,37.1,4.5,541
angelaphillips@gmail.com,"102 Karen Court
New Jameston, SC 57761-6570",MintCream,32.7,12,36.6,4.1,517
donald67@harrison.com,"9759 Tammy Skyway Apt. 171
Lake Debra, AS 95011",Lime,34.7,10.7,37.1,3.2,468
zmalone@yahoo.com,"PSC 6717, Box 7673
APO AE 66950-0088",Moccasin,34.5,12.8,36.7,3.3,548
rlindsey@norris.com,"581 Smith Prairie Suite 995
Andersontown, AS 58802",Green,32.8,11.5,37.5,2.9,432
lewisgabrielle@hotmail.com,"422 Rivers Springs Suite 221
North Barbara, WI 51990-7596",LightSkyBlue,33.7,11.9,37.2,3.9,553
kristina69@gmail.com,"2859 Rodriguez Forks
Port Josephtown, OH 13591-3011",BlueViolet,32.4,12.4,38.9,4.9,573
krista86@norton.net,"0537 Rice Village
West Kylieberg, NJ 19433-5090",Azure,34.3,11.8,37.4,2.5,453
chelsea05@hansen.com,"7182 Stephen Fork Suite 150
Port Laurachester, CO 99974-1961",LightGray,32.5,12.8,36.6,4.1,543
jill33@allen.com,"459 Amy Burg
Lake Travis, OR 53314",DarkCyan,33.5,11.9,37.4,1.8,408
welchashlee@hotmail.com,"PSC 8159, Box 3254
APO AP 71071-4890",GreenYellow,33.4,12.7,36.1,2.7,482
dawnlewis@watkins.org,"623 Erica Flat
Lake Josephland, MT 73514",Crimson,32.7,12.2,36.6,3.9,529
ashleychristopher@gmail.com,"9271 Christopher Prairie
Douglasshire, NM 18581",MediumOrchid,34.6,11.3,36.5,2.5,433
acontreras@hotmail.com,"88995 Edwards Row Suite 456
North Jo, DE 02062-7953",Sienna,33.5,10.7,37.5,3.9,476
alvaradoadam@jones-thompson.com,"35970 Holly Key
Port Frank, VT 78059-9385",Aquamarine,32,11,37.3,3.6,440
thomasgeorge@gonzalez-grant.com,"93306 Donald Greens
New Christopherbury, SC 59447",FloralWhite,31.1,11.7,36.6,4,449
solischristina@gmail.com,"43102 Russo View Suite 717
Hollyport, SC 15344",SlateBlue,31.9,12.4,36,3.3,473
jacksonboone@rubio.com,"973 Marc Ports
Brownstad, IN 48786-6700",Sienna,32.6,10.5,35.7,3.9,464
kaitlyn78@chang.com,"978 Bean Square
Deanburgh, OR 95149",LimeGreen,32.1,11.9,39.3,1.4,350
francisgeorge@thomas.org,"27563 Vincent Lake
Allenchester, DC 22159",Teal,33.9,11.9,38.3,2.9,460
linda90@yoder.org,"979 Alison Motorway Apt. 676
North Frank, HI 55870-2651",WhiteSmoke,33.5,12.5,36.5,3.3,506
david79@lopez-montes.com,"969 William Manor
West Sherry, MA 66282-2258",Purple,32.1,12.4,37.2,3.1,463
micheleblanchard@lopez-greene.com,"555 Hunt Track Suite 307
South Kristi, PA 73709",SlateGray,32.3,10.5,37.3,4.5,480
pmercado@rodriguez.com,"811 Maria Run
Sanchezville, MI 04953",LightPink,32.7,12.3,37,1.8,424
james30@carter.biz,"3604 Richard Junctions Suite 448
Brownburgh, CO 64856-8238",LimeGreen,32.4,10.9,36.6,4,466
parkerkayla@miles.com,"170 Andrew Mews
North Susan, NM 85338-2426",DarkSlateBlue,34.3,10.7,38.3,2.7,427
alicia85@lee.com,"14220 Carla Flat Suite 521
Lake Matthew, DE 06183",DimGray,32.9,12.4,37.4,6.4,684
dominguezjacob@hotmail.com,"8594 Erica Manors Apt. 529
Lake Miguel, MH 10652-9266",CornflowerBlue,32.5,11,37.4,5.4,556
ebrown@osborne.com,"4291 Nichols Fork Apt. 562
Thomaschester, SC 08938-8769",DarkSlateGray,31.9,13,37,6.1,657
nathan86@hotmail.com,"748 Michael Plaza
West Billyside, UT 20799",MidnightBlue,36.1,12.1,37,3.9,596
aaron11@luna.com,"672 Jesus Roads Apt. 443
Thompsonland, WY 69228",LightSkyBlue,32.4,13.5,37.2,2.9,504
fsnow@ellis.com,"0272 Jones Way
Lake Angela, MP 97003-5793",MediumBlue,32.3,12.4,37.3,5.1,586
asilva@yahoo.com,"USNV Johnson
FPO AP 19026",Wheat,34.6,12.2,33.9,6.9,744
casey21@johnson.com,"691 Johnson Field Apt. 510
Michaelville, VI 78140",SpringGreen,33.6,11.6,39.1,3.6,513
campbellross@yahoo.com,"6218 Michael Station Apt. 982
Salazarburgh, NJ 79955",DarkRed,34.6,11.4,38.3,3.8,528
blevinseric@stephens.com,"PSC 3676, Box 1549
APO AE 26130-7683",Orange,32.8,12.4,38,3.3,469
stevenking@patterson.com,"94730 Martin Mount
New Matthew, VI 08142-6708",LightGray,33.5,12.4,35,1,358
samuel94@hotmail.com,"5480 Vazquez Crossing Suite 825
East Christopherland, PA 42104",DarkViolet,33.3,12.5,38.3,3.8,536
johnsonpaul@keller-woodard.org,"USCGC Dodson
FPO AA 87781-3935",LimeGreen,30.9,13.3,36.9,3.6,490
twilliams@gibbs.net,"Unit 6678 Box 6628
DPO AP 44369",CadetBlue,33.2,11.8,37.7,4.5,550
teresapacheco@salinas.biz,"75805 Larry Mills
East Cristian, MH 53820",DarkMagenta,32,12.7,37.7,3.7,513
allison80@carson-hansen.com,"04311 Oconnor Park Apt. 415
Kelleystad, ND 63064-8935",ForestGreen,33.6,12,38.9,2.9,498
turnerryan@hotmail.com,"770 Lewis Pike Apt. 869
Phelpsport, PA 93969-4887",LightSkyBlue,34,12.5,35,4.1,579
walkererica@scott.com,"86536 Barnes Track
South Kyle, MT 21570-5606",MediumAquaMarine,33.6,13.2,36.4,3,507
mark94@yahoo.com,"586 Timothy Union Suite 592
East Joseph, MO 81374",Salmon,32.7,11.1,37.6,4.7,502
daniellecuevas@hotmail.com,"9287 Daniel Rest Apt. 608
Allentown, SD 73050",LavenderBlush,33.4,10.6,37.6,2.9,422
gbarnes@gmail.com,"8667 Suzanne Motorway Suite 241
Spencechester, KY 74385-4618",Green,31.9,13.4,36.9,2.4,440
cody68@hotmail.com,"374 Dana Junctions
Langside, WI 36474",SpringGreen,34.5,13.3,35.9,5,666
fischermonica@gmail.com,"9847 Michael Plaza Suite 837
Lake Christophershire, NV 87324-8427",Navy,32.5,11.7,36.9,0.8,299
brenda25@gmail.com,"353 Jones Loaf Apt. 767
South Michaelburgh, PR 16281-4840",OliveDrab,33.4,10.9,38.8,3.7,465
david58@yahoo.com,"6058 Thomas Divide
Matthewland, PA 89442-8198",LightSalmon,33.3,11.7,37.5,1.7,374
clifford76@johnson.com,"8032 Hodge Circle Apt. 255
Lake Jessicashire, OR 54914",RosyBrown,32.3,11.5,38.6,4.8,533
jacquelinehughes@bennett-branch.info,"601 Ashley Loop Suite 162
Port Benjaminview, DE 02456",DeepPink,34.7,11.7,36.8,4.1,555
victoria53@hotmail.com,"16329 Sara Neck Apt. 463
Bryanside, TX 62329",Pink,32.6,12.2,35.7,4.1,538
cunninghamkyle@ellis-parker.org,"449 Williamson Lakes Apt. 118
Travisville, AK 06848-0177",LightGreen,33.1,12.3,37.8,3.4,501
jjones@yahoo.com,"047 Carla Locks
Coreymouth, AR 98066",GreenYellow,32.2,11.1,38,4.7,517
michaelferguson@torres-miles.net,"757 Amber Gateway Apt. 787
New Stephaniechester, OR 61576-6056",Sienna,34.1,13.2,38.9,3.2,558
crawforderik@price.org,"5183 Michael Ramp
East Lukeburgh, FL 93972",DarkKhaki,32.5,12.8,37.7,3,494
jlawson@mccarthy.com,"0127 Morgan Fields Apt. 080
Thompsonfurt, ME 01160-7043",LightGray,33.1,11.5,37.3,3.2,452
marshchristopher@zimmerman-villegas.com,"667 Stephanie Lake Apt. 658
Marthashire, NC 11815-2307",DarkRed,33.1,11.9,36.1,4.8,577
oolson@collins.com,"07867 Horn Lake
West Teresatown, VT 64387-1228",Aqua,32.5,12.3,37.1,3.6,486
isaiahcampbell@yahoo.com,"55414 Ramirez Union Apt. 614
West Crystal, CA 03845-2631",Red,32.5,10.9,36.5,3.3,426
kcannon@alvarez-cline.info,"55479 Peters Field Apt. 702
North Micheleberg, PR 45063",Lavender,32.5,13.3,38,3.6,537
nielsencarmen@harrell.net,"2491 Yates Crest Suite 316
Connieville, FL 92080-0819",DeepPink,32.3,10.9,36.1,4.8,525
efreeman@moore.com,"223 Powell Ridges
East Richardtown, RI 90715-2178",White,32.2,12.3,38.2,3.3,479
roblessarah@hotmail.com,"022 Taylor Mews Suite 692
Hallberg, NJ 53614",MediumSeaGreen,34.7,12,37.6,4.6,612
christopherhaas@gmail.com,"56674 Melanie Flats
Schneiderberg, IN 66532",MediumPurple,32.7,11.7,37.2,3.3,477
ethomas@yahoo.com,"1279 Douglas Mountains
Port Christopherberg, RI 32811-8325",LightGreen,33.7,11.2,35.5,4,505
wevans@gmail.com,"222 Jason Park
Dominguezshire, NC 98241",Tan,31.6,13.4,36.3,4.4,546
patrickorr@yahoo.com,"6009 Heather Park
Howardhaven, SD 51705-2993",LawnGreen,33.5,11.4,37.9,2.6,434
mary84@edwards.com,"19123 Craig Isle Apt. 719
Millsmouth, SC 94194",LightSkyBlue,31.8,10.8,37.3,3.5,425
longwilliam@gmail.com,"16068 Kelly Parks
Wrightside, NH 21447",BurlyWood,32.7,11.8,37.1,1.5,353
lisagutierrez@johnson-herring.net,"89300 Amber Centers Apt. 879
Victoriaton, VT 98394",Peru,32.4,13.8,37.4,5,663
david81@hotmail.com,"1576 Lane Shoal
Rogerton, PR 63867-3426",Thistle,33.5,11.7,37.3,4.5,561
jacksonking@mccormick.com,"120 Micheal Fort Apt. 762
East Patrickbury, WY 65946",DarkMagenta,30.8,13.1,35.9,3.4,468
jessica04@christian-riley.com,"338 Graham Loaf Suite 236
East Toddton, FM 43566-4238",LemonChiffon,34.9,13.1,36.7,1.9,505
simmonsmartin@hardy.com,"2302 Joshua Park
Millerbury, WA 30239-8144",MediumVioletRed,34,12.5,36,4.3,591
michellejohnson@sanders-rodriguez.com,"70562 Gonzalez Stravenue
Elizabethland, WI 40700-9149",Teal,31.5,11.3,37,3.8,444
tylerhernandez@barton.info,"7613 Miguel Knoll Suite 762
West Katherine, WV 19406",SlateGray,31,11.2,38.7,3.1,392
connerjoseph@gmail.com,"981 David Square
New Jacquelinetown, AK 66018-4092",Turquoise,34.6,11.3,35.5,4.5,569
jeffrey54@mcdonald-williams.com,"297 Francis Valley
South Lindsey, NY 13669-5367",Gainsboro,35,13.9,38,5.1,712
hevans@kelly-nunez.org,"Unit 4065 Box 2267
DPO AE 69180-7372",Orchid,32.3,11,38.3,3.1,413
lewiskendra@yahoo.com,"988 Matthew Plaza
Lake Jacobshire, AL 37889",Yellow,33.3,11.1,36.8,4.7,562
freemantina@cannon.org,"870 Dennis Throughway
Wilsonport, PW 12658",AntiqueWhite,32.9,10.5,35.5,3.1,412
wagnerbrian@hotmail.com,"50593 Wells Roads Apt. 110
South Amy, MI 06969-2026",AliceBlue,32.6,11.8,37.8,3.2,469
melissa08@nelson.com,"15863 Harrington Glens Suite 012
Marystad, LA 50652-8210",Tomato,31.8,12.4,38.1,3.9,497
karina59@gmail.com,"9580 Clark Trail Suite 687
Williamsside, FM 57367",PapayaWhip,34.1,12.1,36.1,4,549
baldwinbryan@estrada-silva.biz,"1470 Kathleen Pass
South Christopherberg, SD 22850",MediumSeaGreen,33.3,12.4,38.8,3.8,536
audreyguerrero@carey.com,"1995 Susan Locks Suite 760
East Cheryl, AR 37103-5176",BlueViolet,34.3,13.7,35.8,2.9,558
drew29@hotmail.com,"20888 Erin Via
Grahamville, NH 72913-6101",Tomato,32.1,12.7,36.5,1.1,358
michael00@yahoo.com,"03065 Henry Courts Suite 443
Derekstad, VT 88473",DarkSlateGray,33.6,13.7,34.9,2.7,529
jgray@khan-allen.com,"1416 Rachel Crescent
West Laurieside, IL 81119-7229",Gold,32.7,10,38.4,3.1,387
bushsusan@hotmail.com,"20618 David Square
Gayland, HI 78719-9628",Moccasin,32.1,11.4,36.2,4.9,529
charris@gmail.com,"2781 Matthew Wells Apt. 569
Potterview, KS 50763-8282",MediumSeaGreen,32.5,12.4,37.1,2.3,421
longphillip@yahoo.com,"13044 Woods Heights
Andreamouth, ND 52317-6007",LightGreen,31.7,10.7,35.7,4.8,497
madisonalexander@gmail.com,"791 Allen Trafficway Suite 776
Christopherland, DC 41460",Orange,34.1,11.6,37.7,3.7,519
mfoster@brown-white.com,"36192 Ho Spring
New Michael, RI 65851-6369",Cyan,33.6,11.2,37.7,5.3,591
sanchezkara@hotmail.com,"40494 Robert Park
Heatherside, IL 70364",SlateBlue,34.3,11.1,38.6,3.9,502
floresbradley@hotmail.com,"446 Daniel Rest Suite 644
Port Matthewhaven, MN 89465",BlanchedAlmond,34.8,12.1,36.3,4.4,604
lamryan@curtis-garcia.net,"96393 Joshua Rapids
Jonesview, VA 58733",LavenderBlush,34.6,11.9,37.7,4,555
alexandra26@summers-davis.com,"Unit 7032 Box 7016
DPO AE 44749-2992",Navy,32.8,10.3,36.1,0.8,257
ocortez@gmail.com,"4800 Ashley Spur Apt. 347
Dannyfort, GA 23352",MediumBlue,32.3,12.2,37.1,4.4,547
melinda39@morton.info,"13693 Cox Falls Apt. 693
Padillaview, PW 28998-0386",Moccasin,31.9,13.1,37.6,2.6,462
lisa94@jackson.com,"40288 Stephens Corner Apt. 221
West Stephanie, OK 55617-4332",CadetBlue,32.7,13,36.7,2.4,458
lucastaylor@yahoo.com,"63872 Chavez Lodge
Danielton, NJ 85847",MediumTurquoise,33.9,11,38,3.1,436
apark@walsh-obrien.net,"28942 Bradford Crescent
New Morganfurt, MD 77162-0478",DarkGreen,32.4,13.1,35.6,3.6,533
dominguezmaria@gmail.com,"1768 Rosales Ford Apt. 793
Lake Markbury, SC 31567",RoyalBlue,34.2,12.1,37.3,3.4,513
jimmy11@hardin.com,"496 Bush Turnpike Apt. 674
Donnabury, OR 32596-0079",DarkGoldenRod,33,13.9,37.8,4.3,630
patriciajackson@jenkins.info,"981 Matthew Valley Apt. 621
Lake Tracyburgh, NM 33288-1364",Thistle,32,11.4,37.3,3.8,464
rayvanessa@fischer.com,"2583 Mark Springs
Lake Robert, AL 40928",White,34.2,13,37.1,2.6,493
gharrison@davis.com,"04140 Cameron Brooks Apt. 724
South Laurenberg, HI 08562",MediumSpringGreen,33.2,11.6,36,3.6,501
alexandermichael@hotmail.com,"2086 Lisa View
Ortegabury, MI 43544",WhiteSmoke,32.7,12.6,37.4,3.5,502
christopher66@hotmail.com,"388 Kelly Pike
West Jeffery, DE 44039-7785",BurlyWood,31.6,13.2,37.1,1.5,376
archeremily@baldwin.com,"USCGC Hernandez
FPO AE 53064",YellowGreen,31.3,13.3,37,2.3,421
hornesteven@gmail.com,"91425 Roy Trail
Rivaston, NE 34949-2588",White,31.7,11.8,38.6,5,539
william28@gmail.com,"16763 Melissa Creek Suite 367
North Keithland, PW 29458",Cyan,32.9,11.6,36.9,2.5,398
karenosborne@yahoo.com,"81814 Pratt Squares Suite 460
North Robert, GU 77741-1307",SlateBlue,32.7,12.6,36.1,4.3,571
chansen@holt.com,"2380 Fisher Neck Suite 233
Brianland, AZ 34453-0625",LightSkyBlue,34.1,11.4,39.1,2.4,452
hallthomas@lane.com,"22630 Bell Centers Suite 030
North Danielport, FM 31756",DarkTurquoise,32.5,11.8,36.9,3.7,491
taylorkimberly@yahoo.com,"0030 Mathis Square Suite 154
South Jadehaven, AR 33997-4450",Gainsboro,31.3,12.7,36,5,592
clester@yahoo.com,"76778 Underwood Knoll
New Gregory, ID 57323",LightCyan,33,11.2,37.7,2.4,409
pvega@hotmail.com,"61629 Johnson Underpass
New Eric, MI 92352-5044",LightCoral,31.9,11.3,36.3,5.3,563
vmartin@yahoo.com,"30242 Rubio Forest
Port Kyleland, VA 18339-5779",Turquoise,34.4,14.2,37.5,4.1,648
andreperez@hotmail.com,"17463 George Ports
East Julianborough, WY 68291",DarkOliveGreen,33,11.5,36.9,3.3,448
anntaylor@hotmail.com,"PSC 1634, Box 8167
APO AA 49814",Teal,33.8,11.9,36.8,3.6,519
hickmanelizabeth@yahoo.com,"12641 Greer Track Apt. 183
North Mitchell, IA 77991-6276",DeepPink,32.7,12.3,37.2,4,524
halljohn@yahoo.com,"311 Savannah Ramp Suite 245
Carlsonbury, LA 08453-6035",MediumTurquoise,32.7,10.1,34.8,3.3,394
cohensean@yahoo.com,"3751 Green Loaf
New Julia, VT 20897",DarkCyan,33.4,12,36.1,2.3,426
jmartinez@anderson.org,"14889 Page Prairie
Dennisville, NV 27982-4210",PeachPuff,31.7,13.2,36.2,3.6,503
cbrady@gonzalez-miller.com,"193 Ashley Plaza Suite 706
Hernandezport, WV 71270-7338",Aqua,32.7,12.3,36.7,3.4,483
pkline@hotmail.com,"PSC 6338, Box 7637
APO AA 22066",MediumTurquoise,33.1,13.9,39.2,2.9,525
martha91@garrison.net,"360 Albert Spring
South Tylerbury, VA 92641-9077",HotPink,34.4,12.9,36.4,3.8,575
maureenlopez@gmail.com,"82537 Alice Centers
Gregland, OR 71749",SeaShell,35.5,11.4,36.6,4,575
russellbaldwin@ferrell.info,"295 Michael Keys Apt. 706
Ericfurt, KS 09476",Orange,33.2,14.1,39,5,660
amandastanley@yahoo.com,"38528 Jerry Valleys Suite 027
Jonesstad, NY 74787-2691",CadetBlue,32.1,10.8,37.4,2.7,375
george02@hotmail.com,"3286 Lynch Field
Henrychester, RI 41833-7902",LightCoral,35,14.4,37.4,3.9,640
swilliams@ball-arroyo.com,"450 Samantha Valleys
Collinsborough, KS 37205-9891",Orchid,32.6,13,36.7,3.5,514
taylorjared@foster.net,"601 Mitchell Estates Suite 922
Port Daniel, WV 83595",Crimson,32.6,11.7,36.9,2.2,376
keith13@yahoo.com,"81830 Katie Squares
Port Austinland, FL 73522-0761",LightGoldenRodYellow,33.3,12.5,38.2,2.7,485
schmidtdenise@hotmail.com,"06392 Matthew Viaduct Suite 000
Lake Ronald, NY 45787-0181",DarkGoldenRod,33.1,12.9,36.5,4.6,615
jasmin20@salas.com,"634 Nancy Shoals Suite 241
South Barry, AR 52307",HotPink,33.9,11.7,37.3,4.3,567
christophermorrison@mcguire-carter.biz,"90089 Eric Well
Nicoleside, MT 95918",Blue,34.6,11.8,38,3.8,554
deborah51@yahoo.com,"4190 Shelton Harbors
North Christopher, RI 60962",Violet,33.7,12.1,36.9,1.6,400
melindahartman@gmail.com,"3761 Jared Mountain
Nicholasport, WY 51181",Pink,31.6,12.2,36.8,3.4,479
sharper@yahoo.com,"239 Bush Fall Apt. 906
Riveraville, KY 88906-3319",SandyBrown,34.3,13.4,37.3,3.6,586
jessicabrewer@simmons.net,"5052 Mccoy Passage Apt. 328
Teresaport, FM 97139",LightBlue,34,13,38.7,3.3,541
beckycarson@jones-brown.biz,"78787 Mitchell Lights
Matthewville, AZ 30310-0130",Gold,33.5,12.9,36.2,5,628
jennifer24@hotmail.com,"46954 Melissa Corner
North Amanda, LA 34844",SteelBlue,34.4,13.3,36.8,3.4,582
jeremy00@yahoo.com,"45442 Barber Key Apt. 882
South Jaclyn, NM 24367-3001",FloralWhite,33.6,12.2,36.6,5.5,641
wellsjuan@schroeder.com,"0338 Francis Junction
Lake Alexstad, NH 14302",Green,31.8,11.2,35.7,3.8,446
gregorystewart@hotmail.com,"232 John Haven Suite 456
Johnsonhaven, VT 90106-0173",PaleGoldenRod,32.4,12.5,37.7,4.7,571
tammyjones@griffin.com,"0859 Audrey Isle
South Zachary, AS 09138",Navy,33.2,9.8,36.9,3.8,423
djohnson@hotmail.com,"5358 Stephen Parkway Suite 894
Kimview, MN 17436-4528",Coral,32.2,13.3,36.9,5,617
kenneth27@smith.com,"721 Robert Viaduct Apt. 052
Lake Olivia, MO 93807",DarkGreen,32.6,13.7,37.7,2.9,530
johnathan33@yahoo.com,"836 Amy Villages
Hannahside, RI 09207-2616",LightSteelBlue,32.3,11.6,37,3.2,442
carrillojacob@perry-larsen.com,"909 Hicks Mountains
Gabriellaport, MD 33121",Aquamarine,32.3,13.5,37.6,3.1,512
greenelizabeth@edwards.com,"54051 Jenkins View
East Danielshire, IN 32905-7784",DarkViolet,33.8,11.6,38.4,4.6,560
denisemorrow@johnson-james.net,"24458 Hudson Square
Hallside, PA 68038",MediumSpringGreen,31.7,13,37.8,3,475
wandaphillips@leonard.com,"149 Monica Vista Apt. 908
Jasonberg, TX 19632-8886",OliveDrab,33.1,11.5,35.7,1.8,374
zachary94@gmail.com,"99902 Scott Road
Joyton, MT 46760-7400",Purple,31.3,11.7,38.7,3.6,464
ppowell@gmail.com,"74260 Carly Mews Suite 703
Jonesberg, OR 39594",BlueViolet,32.9,12.1,36.6,3,472
bhill@pierce-kane.info,"3324 Branch Squares Suite 221
Riddleton, OK 34594",RoyalBlue,33.7,14.3,35.7,3.6,626
matthewgraves@mills-shaffer.com,"66636 Jason Parkway
Kellyside, NV 67033",DarkSeaGreen,33.9,12.9,39.1,1.5,432
nwagner@yahoo.com,"Unit 2079 Box 7792
DPO AP 47668",AntiqueWhite,32.3,9.8,35.7,2.9,357
jamesfaulkner@hoffman-wolfe.org,"Unit 0474 Box 0661
DPO AP 48938-3469",Blue,34.4,12.8,38.6,1.8,467
phillipscarrie@gmail.com,"625 Andrew Locks
Madisonside, AZ 74068",FloralWhite,32.4,13.1,37.3,3.4,503
samantha84@cortez.com,"960 Miller Union
East Virginiastad, MS 74191-2346",Navy,33.5,10.5,37,2.2,378
edward29@knapp.com,"4029 Gerald Cape
South Laurenborough, SC 19130-5133",DarkOrange,33.4,11.1,35.9,5.5,584
hannahgilbert@gmail.com,"6961 Mary Stravenue Suite 857
Hilltown, TX 52813-7703",Aqua,33.8,11,34.8,3.2,452
lschroeder@gmail.com,"93101 Shannon Common
South Destiny, ND 30379-2855",Ivory,33.8,11.2,37.2,4.7,558
thomaswendy@yahoo.com,"449 Amanda Tunnel
Joshuahaven, CO 15377",LavenderBlush,31.3,11.9,36.2,3.2,433
fuenteskathryn@schmidt-johnson.org,"839 Heather Cliff
South Blake, SC 90412",Cyan,33.6,11.5,37.1,3.8,506
melissa08@rowe.net,"13799 Cortez Inlet Suite 733
East Stevenshire, AL 32757",Tan,33.4,11,38.6,4.1,510
bradleysmith@barber.com,"581 Gilmore Port
Heatherville, MS 20879",PaleVioletRed,33.6,11.2,35.6,5.5,588
morganorozco@hotmail.com,"0001 Mack Mill
North Jennifer, NE 42021-5936",LightPink,30.5,11.6,36,1.5,282
johnsonhannah@gmail.com,"634 Robert Hill Apt. 800
Coxtown, OK 32430",Thistle,31.9,12.2,37,3.8,474
javier02@landry.net,"Unit 7029 Box 3429
DPO AE 56975",CadetBlue,33,13.2,38.1,2.9,490
lmalone@gmail.com,"USS Beasley
FPO AP 50556-7615",AntiqueWhite,33,13.4,37.8,3.6,542
brandon77@richardson.com,"109 Jessica Manor
North Patriciashire, PR 84726",GhostWhite,30.8,11.9,36.9,1.1,266
bhamilton@shaw.biz,"036 Mary Drive Apt. 581
Port Brandytown, FL 66143",DarkOrchid,33.9,12.3,36.6,3,495
randyrobinson@hotmail.com,"14548 Hayes Isle Apt. 436
Garciaville, IN 65366",DarkGray,33.3,13.5,36.3,5.6,690
ecruz@yahoo.com,"08111 Barry Highway
Bentonberg, GU 13706",Gainsboro,31.9,11.8,36.3,2.4,388
wrightdanielle@gmail.com,"508 May Highway
Port Jacobview, MN 31932",DarkSalmon,32.4,11,37.4,3.5,442
deandanny@yahoo.com,"9781 Lopez Spurs Apt. 300
Fitzgeraldborough, MA 89035-4317",Ivory,32.6,12.6,36.5,5.2,605
dblair@gmail.com,"190 Kelley Burg
West Juliaport, IA 35826-8163",MediumSlateBlue,34.1,8.5,35.5,1.8,302
veronicapruitt@hotmail.com,"Unit 7502 Box 8345
DPO AE 53747",Cyan,33.2,11.7,36.5,3.4,480
davischristina@hotmail.com,"49352 Avila Terrace Suite 624
Amandaland, GA 99736",SeaGreen,34.7,12,36.5,3,506
douglasdunlap@boone-rose.com,"093 Larson Ports
West Kathryn, OK 91243",Purple,30.4,11.8,36.3,2.1,320
david28@wallace-hill.org,"43382 Heather Meadows
New Lisaburgh, WI 19151-0302",LightBlue,33.4,12.7,35.6,3.7,528
williammoore@rose.com,"686 Baker Fords Suite 893
East John, IL 50171-9547",Brown,32.9,13,37.9,4.7,610
angela25@walker.com,"456 Eric Views
North Amanda, MS 98876-3102",Chocolate,34.5,12.4,37.5,4,584
arice@reynolds.info,"740 Marshall Squares
Davidbury, AL 94251-0846",Thistle,33.6,12.2,37.3,2.5,466
adam75@gmail.com,"9991 Macdonald Squares
Vasquezborough, WY 73586-4597",Purple,32.8,11,36.6,2.9,405
charlesgutierrez@hotmail.com,"363 Kathleen Underpass
Ashleyside, PR 98964",MistyRose,33.5,13.7,36.9,3.5,565
codyandrews@hotmail.com,"63010 Reyes Creek Apt. 569
West Catherinetown, MN 67491-6816",Indigo,33.4,13.4,37.2,4.1,597
wheelernancy@hernandez.com,"66340 Michael Lane Suite 878
West Brian, LA 69137-1147",Gold,32.5,13,38.3,1.2,369
drew27@ryan-thompson.com,"4475 Lopez Stravenue Apt. 690
Smithchester, NV 84347",PeachPuff,33.7,13,37.3,3.2,542
suzanne63@gmail.com,"229 Eric Mountains
New Caleb, PA 00396",LightSalmon,33.3,10.7,36.1,4.1,478
mitchellscott@gmail.com,"3976 Tom Streets Suite 438
Port Davidtown, AL 55334-2369",DarkOrange,32.8,11,37.6,4,473
laurajimenez@gmail.com,"06103 Erik Fields Suite 781
Jonesmouth, GA 49931-3078",SlateBlue,33.5,12.6,37.2,4.2,559
rogersheather@hamilton-jensen.org,"510 Michele Port
East Angela, HI 23618",MintCream,33.8,13,36.3,2,447
ievans@hotmail.com,"2064 Poole Groves
North Chrisland, SC 78169",NavajoWhite,33.2,11,38.4,4.2,505
john85@rodriguez.info,"57120 Frank Keys
Jerryborough, DC 81028-0939",Tomato,31.1,13.3,37.4,4.6,557
phillipsmark@byrd.net,"6734 Perez Trafficway Suite 395
Nunezland, NC 83245",DarkSeaGreen,33.4,10.6,38,3,422
elizabeth61@berg-braun.com,"649 King Extension
North April, NY 54175",Lavender,32.8,13.2,35.9,1.8,445
dbenson@simpson.net,"732 Heather Place
North Michael, VT 92527",DodgerBlue,30.6,11.4,37.1,4.1,442
stephaniehill@hotmail.com,"8248 Parker Overpass Apt. 024
Lake Pamela, WY 44322-1735",Wheat,32.3,13,37.1,3.7,533
davisbriana@gmail.com,"15298 Erickson Shore Apt. 056
South Patrickfort, MD 16503-3145",MediumVioletRed,33.1,11.7,37.9,2.2,424
kday@gmail.com,"4835 Jessica Walk Suite 205
West Jacob, NH 93681",Magenta,33.5,11.9,35.9,3.2,499
jonathanconner@morales.biz,"920 Anderson Extensions
Greenfurt, GA 19316-3498",SeaShell,32,10.8,36.6,2,331
anneingram@miller-alexander.com,"4301 Park Lake Apt. 158
Spencertown, SD 45934",HoneyDew,32.1,11.6,39.2,3.3,443
jeffery48@mcguire.com,"52326 Townsend Centers
Lake Williamburgh, NJ 70568-7463",LightCyan,32.3,12,38.3,3.5,479
theresamitchell@martin-chambers.biz,"157 Linda Roads
New Jimmyshire, MH 51942",Khaki,31.8,12.5,37.4,3,440
christianwade@butler.info,"3687 Sarah Ranch Suite 919
Gainesfort, AK 05665",Crimson,32,10.1,38.1,2.6,358
tina16@santiago.com,"314 Kidd Run
Johnfort, KS 46546-2732",White,33,12.6,37.3,2.8,476
vancealicia@hotmail.com,"06307 Scott Spurs Suite 161
Jessicaburgh, NH 26093-5908",RoyalBlue,31.8,14.3,36.8,3,501
dbell@hotmail.com,"3485 Anthony Street Apt. 119
Mikeberg, FL 32602",DarkViolet,34.5,11.9,37.8,4.4,593
pamelahampton@martin-cobb.com,"91542 Jessica Springs Suite 255
Thomashaven, MT 39239-3790",DarkSeaGreen,32.3,11.4,35.8,3.9,486
mark81@wagner.com,"410 Gonzalez Corners Apt. 187
East Stephenport, VT 22771",Navy,32.3,12.8,38,4.6,576
awerner@manning.com,"407 Blake Ways
Port Davidland, WA 78438",Gray,33.1,11.7,37.8,2.7,443
robertramirez@kaiser.com,"1583 Anderson Coves
East Rebecca, NH 27212",Purple,33.9,10.6,38,3.5,462
justin26@gmail.com,"32303 Baldwin Causeway
South Robertside, HI 58126",RosyBrown,32.8,12.5,35.8,3.1,488
douglas95@yahoo.com,"395 Summers Courts Apt. 413
Coopermouth, IA 21205-1079",White,33.8,11.3,37.8,5.1,593
qmorse@yahoo.com,"0360 Pearson Dam Suite 263
Lake Shawn, UT 65986-4190",MediumTurquoise,31.8,10.9,34.9,3.1,393
jason50@bates.net,"74839 Michael Plains Suite 356
South Austinshire, ND 40309-1424",Bisque,32,12.1,36.4,3.2,443
qeaton@savage.com,"27032 Michelle Forest
Morrowtown, ND 14749",SaddleBrown,33.3,12.7,37.3,3.8,535
tluna@hotmail.com,"01512 Hendricks Rue
East Pamela, PR 46481",YellowGreen,32.2,11.4,38.2,4.8,533
kara33@gmail.com,"5527 Hogan Road
South Jeffreychester, MA 28632",LavenderBlush,34.9,10.7,36.9,4,532
thomas22@yahoo.com,"7346 Jennifer Green Suite 148
Wagnertown, MT 65972",IndianRed,33.6,11.9,35.9,4.5,559
david47@hotmail.com,"37216 Krista Drives
West Andrew, DE 70036",DarkKhaki,32.4,12.7,35.1,3.5,509
beasleyjoseph@hotmail.com,"1094 Bentley Forges
Lake Antonio, MA 29181-3664",SaddleBrown,33.3,11,36,2.6,404
hoffmandaniel@yahoo.com,"922 Hampton Path Suite 198
Port Jasonmouth, FL 46623",Orchid,33.7,13.4,37.8,4.8,641
garnerjustin@king.com,"0833 Brian Canyon Suite 566
Anthonymouth, VT 01329-7541",DarkCyan,34,11.9,37.5,2.8,462
francesjohnson@lee.com,"577 Peters Turnpike
Loriport, MA 60572-1669",Aquamarine,32.7,11.9,35.7,2.2,382
awu@robinson.org,"0281 Dale Wells Suite 656
East Joshua, ME 73389",Brown,32.1,13.1,37.7,4.2,562
xevans@hotmail.com,"13164 Miller Camp
South Deannaberg, ID 85433",DarkMagenta,33.2,12.7,36,2.1,445
lauriewilson@jackson.com,"389 Joshua Stravenue Apt. 983
Martinezland, MN 29049",Cornsilk,32.1,10.3,39,3.4,401
cruiz@yahoo.com,"497 Julian Brook Suite 872
Hillberg, FM 87927-5760",LightSalmon,34,9.3,36.9,2.9,384
tammy12@gmail.com,"78297 Brown Street Apt. 786
East Taylorfurt, AK 97246",Chocolate,34.2,12.6,35.4,3.1,528
adamperkins@terrell.com,"2595 James Creek Apt. 571
Millerberg, HI 82236",PaleVioletRed,32.6,11.8,37.9,3.5,482
willie26@johnson-howard.com,"97686 Robertson Cape Suite 607
Port Veronicaside, NE 47293",Wheat,32,12.6,38,5,594
yvaughn@meyer.com,"9863 Dawn Court Suite 429
Lake Connie, MI 12238",OldLace,33.1,11.8,36.8,3.6,502
carolfarley@gmail.com,"51173 Curtis Cliff Apt. 727
Ramoston, DE 32714-4579",SlateBlue,33,10.4,35.9,2.9,408
rhonda01@gmail.com,"939 Watson Run
Staceyberg, VT 58376-0454",Orchid,34.4,12.7,36.2,5.7,709
david80@knight.com,"368 Morris Ports Apt. 735
New Lisaville, GA 34271-8632",MediumAquaMarine,34.4,9.5,37.9,5,532
aaron04@yahoo.com,"16338 Scott Corner Suite 727
West Alexandra, AR 54429",SeaGreen,33.7,10.2,37.8,4.8,521
kaylahenderson@hotmail.com,"Unit 1609 Box 3480
DPO AA 95185",MediumSpringGreen,32.4,11.6,38.1,3,447
mholt@hotmail.com,"486 Adams Hills
North Walter, MS 18124",LightSeaGreen,31.8,11.3,37,2.7,385
tanya20@gmail.com,"69279 Stewart Mountains
South Pamela, KS 22541-3414",DarkKhaki,31.4,11.2,37.1,3.6,431
aaron89@gmail.com,"0128 Sampson Loop Suite 943
Hoffmanton, MO 02122",SaddleBrown,31.4,10.1,38,4.2,419
hunterlucas@gmail.com,"89301 Kylie Crossroad
Petersonberg, MH 23834",Turquoise,33.6,12.8,36.9,2.5,479
sfarley@jones.com,"0554 Powers Curve
Nathanchester, FL 06878-6336",AntiqueWhite,32.4,12.1,37.7,3.5,484
sarahtran@dixon.com,"770 Katie Walk Apt. 585
Port David, MN 52850",GoldenRod,35,11.9,35.8,3.3,539
randywhite@armstrong.biz,"0506 Pitts Forks
Woodsbury, AL 98082-8186",Teal,32.8,12.5,36.7,3.5,486
tsmith@yahoo.com,"92028 Thomas Mountains Suite 044
New Matthew, MI 02429-0994",Bisque,34,12.3,38.3,1.1,385
martinezleah@carter.com,"8456 Joseph Locks Suite 926
Christopherport, TN 57784",PaleGreen,33.4,12.8,35.6,3.2,528
steven00@combs.com,"64460 Morris Fords
Gonzalesmouth, MI 40832",RosyBrown,33.6,13,38,3.3,547
blakekent@smith-pena.com,"3933 Brooke Point
Johnsonburgh, DE 22659-3488",Crimson,33.6,10,37.3,3.2,411
amanda03@yahoo.com,"313 Lisa Loop Apt. 543
North Jenniferchester, MN 58819",Brown,34.2,13.1,35.4,3.8,584
brandonsmith@yahoo.com,"62106 Nathan Mountain Suite 505
North Matthewborough, AZ 32092-6122",Gold,33.6,11.5,36.2,3.6,475
thardy@perry.com,"39209 Cooper Neck Apt. 541
Tylermouth, ME 94450",SeaGreen,33.2,11,34.6,2.9,415
michael86@yahoo.com,"87270 Garrett Cliffs Suite 361
Brooksberg, MO 26555-2502",LightYellow,33.2,13.5,39,3,551
ulee@wells.com,"309 Singleton Hollow
Matthewhaven, NJ 68776-7477",LemonChiffon,33.6,12,34.5,2.7,459
judithsmith@jimenez.biz,"186 Anthony Route
Gordonview, AS 78120-4633",DarkOrange,33.6,10.9,36.2,2.8,408
nblack@smith-romero.biz,"00615 Tracy Islands
New Marcfort, MO 87297-7431",LightCyan,34.2,12.7,37,4.3,581
michaelcampbell@yahoo.com,"96480 White Lane Suite 521
Pattersonhaven, OR 39409-4561",Gray,35.9,11.7,36.9,3.4,547
rcarter@crane-thompson.org,"14064 Frazier Hills Apt. 176
Amyborough, MP 77858-0018",MediumVioletRed,33.5,11.9,37.3,3.3,503
dwhite@gmail.com,"02136 White Grove Suite 418
Marytown, DE 70033",OrangeRed,33.3,11.5,37.1,4.7,549
vancemichelle@gmail.com,"6586 Reginald Crest Apt. 061
North Josephfort, NM 55275",DeepPink,32.3,12.4,36.2,3.2,483
kylemelendez@hotmail.com,"2749 Cunningham Flat Apt. 838
Derekberg, OH 45288",DeepPink,32.4,13.9,38.4,3.8,558
richard35@hale-duncan.net,"33940 Craig Throughway Apt. 334
Martinview, IL 62015-0314",GhostWhite,31.4,12.8,37.9,3.4,485
waltonkaren@gmail.com,"355 Villegas Isle Apt. 070
West Jenniferview, NM 26775-4339",Green,35.7,10.9,35.6,6.1,670
contrerastiffany@gmail.com,"439 Todd Summit Apt. 478
Mooreland, AR 31655",CadetBlue,34,12.9,36,3.5,548
rogerstiffany@wilson-horne.com,"30700 Justin Ports
Port David, PA 52171-5921",DarkOliveGreen,34.1,11.6,38.9,4.1,538
waltercharles@sanders.net,"291 Stephen Glens Apt. 532
Jacquelineton, NJ 53606-5656",IndianRed,32.4,12,37.2,2.8,408
john96@chan-anderson.biz,"04290 Barron Square
Laurenmouth, AS 79917-9544",Snow,33.2,13.1,37.3,5.4,663
bushsharon@barber.com,"0013 Andre Field
Whitebury, AZ 68447-6306",DarkSeaGreen,33.2,12,36.5,3.5,506
nicolegay@jennings.com,"50718 Timothy Light
Garciaport, SC 60266-6696",BlueViolet,33.6,13.3,37.3,2.9,528
rchambers@hotmail.com,"53964 Weaver Brook Suite 861
Stevensonshire, NY 18128",OliveDrab,33.1,13.1,38.3,4.8,632
gomezalicia@hotmail.com,"506 Allison Cove Apt. 766
Weeksstad, AS 71308",MediumSpringGreen,32.3,12.5,36.7,3.5,488
potterkenneth@strickland.com,"2559 Harris Pines Apt. 514
Michaelshire, ME 21753-8834",MediumSlateBlue,33.4,11.2,37.1,3.9,509
charlesjackson@brady-fuller.net,"3802 Veronica Causeway
East Patrickfurt, DC 84522",GhostWhite,32.9,12.1,35.6,2.4,411
jacquelinewest@pace-herrera.com,"592 Villanueva Village
Woodsstad, AK 20530",Purple,31.5,12,38.5,2.8,409
stevenjohnson@yahoo.com,"PSC 4427, Box 6116
APO AP 87584-5187",SandyBrown,33,11.2,37,3.8,468
johnsonchelsea@gmail.com,"19270 Velasquez Coves
Boylechester, AZ 51480",LightCyan,32.1,11.9,35.2,4.3,512
jenniferjenkins@jones.com,"USNS Jacobs
FPO AE 71507-1312",LightSalmon,33.3,13.1,38.8,4.6,608
ebutler@rogers-gonzalez.com,"001 Estrada Union
Lewismouth, TN 47360",Chartreuse,33,13,37,4.6,589
ellenlucas@cox.org,"86268 Davis Corner
North Danielview, CT 59551-9382",DarkGoldenRod,33.9,11.5,35.9,3,444
elizabethnunez@vasquez-nelson.net,"209 Andrew Viaduct
Port Anna, OR 01627-8037",Cornsilk,32.6,10.3,36.7,4.8,493
ramirezjacob@turner.com,"19704 Kaitlin Flat
West Andrewtown, VI 38642",Magenta,32.4,12.4,37.6,4.3,533
brian51@cook.info,"0508 Terrance Cliff
Rebekahtown, NC 48724-8308",SaddleBrown,31.5,10.7,38.8,1.4,276
victoriajohnson@gmail.com,"2082 Christopher Place Apt. 081
Cynthiahaven, HI 99393-8910",DarkViolet,33.5,11,37.6,4.1,511
lawrencewalton@hotmail.com,"584 Patterson Falls
West Alicia, DE 45751",Chocolate,32.2,12.2,37,2.9,438
ashleymoreno@gmail.com,"11430 Meza Green Suite 037
Martinezborough, FL 40624-8726",DarkViolet,31.7,12.3,37.1,4,476
wesleyvance@moore.com,"210 Johnson Street Suite 717
New Bethanyborough, MO 84817",Magenta,33.7,10.8,36,3.7,484
edwardbrown@yahoo.com,"2971 Angela Island
Lake Timothychester, NE 48734-6685",HotPink,33.2,12.1,37.1,5.8,664
youngellen@hotmail.com,"994 Joel Highway Suite 216
New Jessicafort, UT 14179",DodgerBlue,31.6,12.9,36.7,4.6,544
robin80@yahoo.com,"928 Bailey Road
East Mary, DE 11678-5634",Turquoise,33.9,13.3,36.4,4.5,630
dana59@hotmail.com,"31927 Jill Mountain
South Jessica, MN 63418",Blue,33.1,10.4,36.7,3.9,461
bwilliams@hotmail.com,"1549 Walker Passage Apt. 463
West Calvin, AZ 03144",PaleVioletRed,34.4,11.9,37.9,3,492
whitetyler@anderson-avery.com,"4547 Stafford Throughway Apt. 178
North Patrick, MD 60768-4837",MidnightBlue,34.1,11.6,36.5,4.7,574
rwilliams@trujillo.biz,"54560 Thompson Creek Apt. 029
New Brianville, FL 84430-8588",BlanchedAlmond,31.4,13.3,37.2,4,531
randall85@williams.com,"5086 Morales Islands Apt. 099
New Patricia, IL 78823",Black,33.6,13,39.7,4,582
kevin45@mathews.net,"02393 Baker Falls
New Georgeport, ND 36338-5110",DodgerBlue,31.9,14,37,3.7,556
deborah48@white.com,"1693 Gary Mission Suite 479
Lake Kelly, MO 68205",DarkGreen,33.3,11.9,38.4,3.4,502
hoganrichard@george.com,"4929 Michelle Grove
Lake Alexis, MT 92147-1660",BlanchedAlmond,33.7,11.1,38.4,4.6,556
kelly24@lewis.info,"983 Ross Glen
West Jessica, NJ 42860-5757",Bisque,34.1,12.9,36.6,2.2,475
katherinegray@yahoo.com,"685 Sexton Ranch Suite 125
Lake Robertshire, NE 04469-3024",Cyan,31.1,12.4,35.6,4.3,487
efoster@williamson-boyd.org,"4968 Bennett Manors
Rogerschester, IL 81579-8333",Lavender,34.3,11.8,36.3,2.1,434
jordandavid@gmail.com,"61502 Parker Vista Apt. 363
Jonesshire, GU 33532",Violet,33.7,11,36.4,0.9,304
sanchezamber@scott-patterson.com,"257 Hunt Manors
South Charlottefort, CT 15033",Fuchsia,32.3,14.1,37,3.8,571
tinayoung@hotmail.com,"83995 Owens Course Apt. 747
South Jennifer, NJ 29942",MistyRose,35.4,11.9,36.1,4,583
alicia28@fuller.com,"8055 Robinson Brooks Apt. 657
Walterview, KY 83019",CadetBlue,32,11.5,39.2,3.5,446
rileyalejandro@gmail.com,"Unit 1475 Box 4215
DPO AE 39546-5591",LightSteelBlue,32.1,10,37.2,3.5,393
oliviamarshall@sawyer-sellers.com,"Unit 5934 Box 9748
DPO AA 37361-3043",Brown,33.9,12.4,37.3,4.2,566
hortonrobert@hotmail.com,"31309 Stacey Keys Apt. 979
South Jason, KS 35357",Salmon,33.2,12,36.8,3.5,499
montgomerycheyenne@hotmail.com,"1812 Sandra Shoal Apt. 350
Amandamouth, SC 87794-1628",FireBrick,32.5,11.1,37,4.1,511
martinkristi@sanchez-coleman.com,"PSC 1893, Box 7023
APO AA 73445",Lime,34.1,8.7,35.9,2.3,309
jefferycampbell@gmail.com,"381 Ashley Locks Suite 366
North Migueltown, TX 09795-0494",GreenYellow,33,12.5,37.6,4.1,562
webertom@phelps.com,"189 Crawford Hill Apt. 746
New Madison, WV 14108-4333",DarkOrchid,31.3,12.1,35.5,3.1,423
aschmidt@johnson.biz,"Unit 1743 Box 8085
DPO AE 47693-8164",Blue,32.2,11.7,35.6,4.3,513
lisadelgado@gmail.com,"57993 Jennifer Unions Suite 685
Emilyville, OK 53366-2375",Olive,33.5,11.9,36.5,3.9,529
sharongraves@yahoo.com,"73098 Ronald Port
Cliffordborough, MO 37479-9244",Wheat,32.9,12.6,37.8,0.3,314
flevine@gmail.com,"5292 Melanie Crescent Apt. 064
Fischerborough, NV 85721-5045",AliceBlue,32.2,12.5,37.7,3.3,479
rskinner@johnson-jefferson.com,"24725 Neal Lock
Cynthiaville, NY 51578",OliveDrab,32.7,12.6,37.7,2.6,445
kiarakim@harris.org,"1502 Gonzalez Throughway
Kathrynchester, FM 86014-7194",Linen,33,10.9,37.6,3.8,475
rachelrodriguez@lara-waters.com,"35466 Tommy Stream
Port Daniellemouth, KS 68863-6330",LightSlateGray,33.9,11.5,36.8,2.4,437
dbrown@gmail.com,"76666 Kathy Locks
Port Susan, ME 64335",Indigo,33.6,11.1,36.8,4,521
mary45@gmail.com,"33213 Tanner Knolls Apt. 519
Whiteborough, OR 37119-7790",Lime,33.7,11,37.7,3.6,478
marcusleach@floyd.org,"Unit 3998 Box 4348
DPO AA 37629",SteelBlue,32.6,11.6,36.3,3.2,432
lmunoz@yahoo.com,"2100 Austin Camp Apt. 943
Anthonymouth, WV 24243-3781",Olive,33.4,10.7,35.8,3.4,438
dvasquez@wiley.com,"967 Chloe Springs Suite 554
Lake Ashley, GA 03230",HoneyDew,32.8,11.1,34.8,2.6,389
dylanmartin@hotmail.com,"42644 Helen Keys Apt. 103
Jessicahaven, KS 89406-1960",MidnightBlue,33.1,13,37,3.5,535
xkaufman@gmail.com,"02342 Melissa Islands
Smithhaven, KS 68335",DarkViolet,35.4,10.6,36.9,4.2,538
jasonhensley@yahoo.com,"97262 Brian Skyway
Lake Marissa, GU 96859",Sienna,34,11.7,37.4,2.1,408
gstrong@hotmail.com,"7875 Landry Road Apt. 947
Brownshire, NC 10074-7735",Pink,34,13.6,36.8,3.6,619
arnoldsamuel@wilson.com,"949 Tapia Viaduct
Martinezfurt, CT 79271-8205",LightSkyBlue,32.8,11.4,35.3,4,503
scottrose@yahoo.com,"50639 Sarah Isle Apt. 268
Yangmouth, MO 05540",SaddleBrown,33.5,11.2,37.2,2.3,397
salazarkaren@hotmail.com,"51173 Burton Wall Apt. 417
Prestonville, NY 37002",SteelBlue,31.9,10.3,36.9,3.5,392
susanibarra@yahoo.com,"426 Scott Radial Apt. 065
Abigailstad, MS 16590-2222",Thistle,32.5,14.1,38.4,5.3,689
nhenry@hotmail.com,"3874 Harper Plaza
North Nancy, ME 96802-9462",BlanchedAlmond,34.9,12.4,37.7,3.1,543
millerrachel@gallagher-nichols.com,"Unit 4742 Box 9517
DPO AE 67219-3123",Turquoise,34.2,10.8,34.6,5,578
garciakevin@gmail.com,"845 Colleen Ways
Lake Matthewview, VT 65340-3159",Orange,33.5,12.7,36.4,1.7,437
philliproberson@yahoo.com,"Unit 0373 Box 8981
DPO AA 89902",Beige,34.2,12.7,37.5,3.7,554
kstafford@estes-nguyen.com,"PSC 4856, Box 1297
APO AA 17032-7944",YellowGreen,31.2,14,36.7,1.8,427
kennethperry@bowen.org,"272 Frederick Lodge
East Andrew, FL 07414",SlateGray,32.5,11.5,36.6,3,425
prussell@lopez.com,"9985 Wolf Pass
Brandimouth, CA 63346",Bisque,34.5,11.4,36.4,4,541
mosleyjacob@yahoo.com,"PSC 1790, Box 8872
APO AE 01821-4769",Orange,33.7,12.3,38.9,3.1,469
rhaas@yahoo.com,"4502 Jennifer Prairie Suite 029
Lake Jesse, LA 02328-3633",DimGray,31.6,12.7,36.2,2.6,445
antonioharris@hotmail.com,"4307 Nicholas Drive Apt. 259
Ramirezberg, AS 59832",MediumBlue,33.7,13.5,37.1,2.4,493
austinthomas@gmail.com,"5855 Gross Burgs Suite 169
Ballland, AS 98525",AntiqueWhite,33.8,11.2,36.3,4.3,535
bethsullivan@reed.net,"80500 Mary Corners Apt. 225
Wallsville, ME 80526",Beige,34.3,11.2,38.7,2.1,409
ncummings@yahoo.com,"344 Jessica Stravenue
New Brian, MA 04730-6761",Beige,31.1,12.4,36.2,4.1,488
hking@hotmail.com,"85181 Christian Courts Suite 758
Larryfurt, MS 38722-6766",PeachPuff,33.1,11.8,36.9,3.5,488
annstone@hotmail.com,"543 Reynolds Burg
Melindaberg, KY 46631",LightPink,34.6,11.8,38.1,1.8,402
christopher44@hotmail.com,"549 Anna Avenue
Port Laura, CA 76209-9339",WhiteSmoke,34.2,11.6,35.8,4.2,551
autumn88@mendoza-mills.com,"214 Obrien Lakes Suite 572
South Jeremy, KS 52867-7617",MediumOrchid,32,12.5,35.5,3.4,497
dhudson@ramos.net,"5661 Grant Centers
Stevensfurt, CT 53959",Olive,31,11.7,36.1,4.4,495
egomez@hotmail.com,"768 Riley Pine Apt. 624
Kellymouth, OK 98992-3108",MistyRose,33.6,12.2,37.2,2.9,479
kimberlyruiz@smith-gordon.com,"503 Adams Pines Apt. 638
North Ashleyside, AZ 34687-6128",DarkRed,33.4,11.9,36.9,2.8,463
mooremichelle@logan.com,"07813 Randy Point
Lake Thomasberg, MO 06013-9920",Pink,33.4,12.2,36.4,3.4,516
aaron22@gmail.com,"38678 Sean Drive Suite 293
Karentown, IA 78306-2717",DarkGray,33.5,12,36.5,4.7,576
michelleshepherd@price.com,"6820 Erica Vista Apt. 418
Brightside, IA 50639",Orchid,32.9,11.9,36.1,1.2,358
zscott@wright.com,"9909 Hoffman Ranch Suite 195
Scotthaven, SC 53575",PeachPuff,35.6,12.1,38.2,4,598
tracy79@wheeler.net,"513 Moore Crescent Apt. 416
Amandaberg, GU 03655-2219",Magenta,32.2,11.3,37.1,1.7,327
brian28@sanchez.org,"7446 Mary Ferry
Lake Sherryfurt, GA 49066-0207",GhostWhite,34.7,11.6,37.7,3.2,510
leonardhancock@hotmail.com,"64147 Alexander Station Apt. 474
East Jasonview, MN 83788",SeaShell,34.3,11.7,36.8,3.4,511
davidsonkathleen@gmail.com,"70128 Zimmerman Overpass
Robertsshire, VA 59860",DarkBlue,33.7,11.2,37.8,2.2,404
nathan84@lowery.net,"01242 Stephanie Ways Suite 003
Churchville, MO 35617",MediumSeaGreen,32.1,12.6,35.5,5.4,628
kellydeborah@chan.biz,"354 Sanchez Wall Suite 884
Juliabury, VI 39735",DarkTurquoise,33.4,13.4,38,2.8,511
lewisjessica@craig-evans.com,"4483 Jones Motorway Suite 872
Lake Jamiefurt, UT 75292",Tan,33.2,13.6,36.4,3.7,574
katrina56@gmail.com,"172 Owen Divide Suite 497
West Richard, CA 19320",PaleVioletRed,34.7,11.7,37.2,3.6,529
dale88@hotmail.com,"0787 Andrews Ranch Apt. 633
South Chadburgh, TN 56128",Cornsilk,32.6,11.5,38.3,5,552
cwilson@hotmail.com,"680 Jennifer Lodge Apt. 808
Brendachester, TX 05000-5873",Teal,33.3,12.4,36.8,2.3,456
hannahwilson@davidson.com,"49791 Rachel Heights Apt. 898
East Drewborough, OR 55919-9528",DarkMagenta,33.7,12.4,35.8,2.7,498
